ID,Name,Category,Batch,Company,Supplier,Quantity,Cost Price,Selling Price,Expiry Date,Status,Stock Value
24,orsl,Other,or105,xyz pharma,Local Supplier,8,8.0,12.0,2032-11-28,Safe,64.0
23,crocin,Tablet,cr109,abc pharma,Local Supplier,17,10.0,15.0,2033-11-09,Safe,170.0
22,vitaminc,Tablet,vit011,src pharmacy,Local Supplier,17,12.0,15.0,2027-06-02,Safe,204.0
21,VitaminE,Tablet,vita01,abc pharma,Local Supplier,6,8.0,10.0,2027-06-01,Safe,48.0
20,vitamicc,Tablet,VITA201,Abc pharma,Local Supplier,3,3.0,5.0,2028-08-23,Low Stock,9.0
19,Antacid Gel,Syrup,ANT123,Alkem,Local Supplier,27,45.0,70.0,2027-09-12,Safe,1215.0
18,Multivitamin Syrup,Syrup,MVS999,Himalaya,City Medicos,98,75.0,120.0,2027-07-25,Safe,7350.0
17,Calcium Tablets,Tablet,CAL888,HealthCare,HealthPlus Supplier,50,3.5,8.0,2027-05-10,Safe,175.0
16,Cetirizine,Tablet,CET777,Dr. Reddy's,Metro Pharma,32,1.8,4.0,2027-03-20,Safe,57.6
15,Expired Antibiotic,Tablet,EAB666,Old Pharma,Old Supplier,6,10.0,18.0,2026-04-01,Expired,60.0
14,Insulin Injection,Injection,INS555,Novo Nordisk,HealthPlus Supplier,23,210.0,280.0,2026-06-15,Near Expiry,4830.0
13,Betadine Ointment,Ointment,BTD444,Win Medicare,City Medicos,24,55.0,85.0,2027-02-14,Safe,1320.0
12,Expired Capsule,Capsule,EXC333,Demo Pharma,Old Supplier,4,5.0,10.0,2026-01-05,Expired,20.0
11,Azithromycin,Tablet,AZM222,Cipla,Metro Pharma,21,12.0,22.0,2026-06-25,Near Expiry,252.0
10,Pantoprazole,Tablet,PNT111,Alkem,HealthPlus Supplier,53,3.0,7.0,2027-01-12,Safe,159.0
9,Expired Syrup,Syrup,EXS909,Demo Pharma,Old Supplier,7,40.0,70.0,2026-02-10,Expired,280.0
8,ORS Sachet,Other,ORS808,Electral,City Medicos,10,8.0,15.0,2026-06-22,Near Expiry,80.0
7,Amoxicillin,Capsule,AMX707,Mankind,Metro Pharma,18,6.0,12.0,2026-11-30,Safe,108.0
6,Expired Pain Balm,Ointment,EPB606,Demo Pharma,Old Supplier,5,30.0,55.0,2026-03-15,Expired,150.0
5,Eye Drops,Drops,EYE505,Allergan,Local Supplier,6,45.0,75.0,2026-06-18,Near Expiry,270.0
4,Paracetamol,Tablet,PAR404,Cipla,HealthPlus Supplier,40,1.0,2.5,2026-12-25,Safe,40.0
3,Expired Vitamin B,Tablet,EVB303,HealthCare,Old Supplier,12,2.0,5.0,2026-04-20,Expired,24.0
2,Cough Syrup,Syrup,COU202,Sun Pharma,City Medicos,8,55.0,85.0,2026-06-10,Near Expiry,440.0
1,Dolo 650,Tablet,DOL101,Micro Labs,Metro Pharma,25,1.5,3.0,2026-10-15,Safe,37.5
